{"summary": {"coef": {"var1": 0.22025312415197745, "var2": 0.028580798930414666, "var3": 0.22661000463583042}, "exp(coef)": {"var1": 1.24639218262569, "var2": 1.0289931490215853, "var3": 1.2543405855240997}, "se(coef)": {"var1": 0.07493415351291323, "var2": 0.08719888554077711, "var3": 0.07869612419947904}, "coef lower 95%": {"var1": 0.07338488205467195, "var2": -0.14232587622153892, "var3": 0.07236843548196051}, "coef upper 95%": {"var1": 0.36712136624928293, "var2": 0.19948747408236828, "var3": 0.38085157378970036}, "exp(coef) lower 95%": {"var1": 1.0761446459804866, "var2": 0.8673385654127747, "var3": 1.0750513581717898}, "exp(coef) upper 95%": {"var1": 1.4435731095377307, "var2": 1.2207769179841008, "var3": 1.4635303630224532}, "cmp to": {"var1": 0.0, "var2": 0.0, "var3": 0.0}, "z": {"var1": 2.939288879990107, "var2": 0.32776564463142516, "var3": 2.8795573726276418}, "p": {"var1": 0.003289663019624224, "var2": 0.7430888652224903, "var3": 0.003982338329134195}, "-log2(p)": {"var1": 8.247844477241488, "var2": 0.4283933434108224, "var3": 7.972168490768563}}, "concordance_index": 0.5800755875752923}